üé® –Ü–Ω—Ç–µ—Ä—Ñ–µ–π—Å —Ç–∞ –Ω–∞–≤—ñ–≥–∞—Ü—ñ—è,,
–ó–º—ñ–Ω–∏,Worksection 1.0,Worksection 2.0
–ì–æ–ª–æ–≤–Ω–∞ —Å—Ç–æ—Ä—ñ–Ω–∫–∞,–°—Ç–∞—Ç–∏—á–Ω–∞,"–ü—Ä–∞—Ü—é—î —è–∫ –≤–ª–∞—Å–Ω–∏–π –¥–∞—à–±–æ—Ä–¥ ‚Äî –∫–æ—Ä–∏—Å—Ç—É–≤–∞—á —Å–∞–º —Ñ–æ—Ä–º—É—î –ø—Ä–æ—Å—Ç—ñ—Ä (–≤—ñ–¥–∂–µ—Ç–∏, Drag&Drop)"
–ì–æ–ª–æ–≤–Ω–µ –º–µ–Ω—é,"–ì–æ—Ä–∏–∑–æ–Ω—Ç–∞–ª—å–Ω–µ –≤–µ—Ä—Ö–Ω—î –º–µ–Ω—é, –ø–µ—Ä–µ–∑–∞–≤–∞–Ω—Ç–∞–∂–µ–Ω–Ω—è —Å—Ç–æ—Ä—ñ–Ω–æ–∫ –ø—Ä–∏ –ø–µ—Ä–µ—Ö–æ–¥—ñ","–°–∞–π–¥–±–∞—Ä –∑–ª—ñ–≤–∞ –∑–∞—Ñ—ñ–∫—Å–æ–≤–∞–Ω–∏–π —ñ –¥–æ—Å—Ç—É–ø–Ω–∏–π –∑ –±—É–¥—å-—è–∫–æ—ó —Å—Ç–æ—Ä—ñ–Ω–∫–∏, –º–æ–∂–Ω–∞ –Ω–∞–ª–∞—à—Ç–æ–≤—É–≤–∞—Ç–∏ –ø—ñ–¥ —Å–µ–±–µ"
–Ü–Ω—Ç–µ—Ä—Ñ–µ–π—Å,–ö–ª–∞—Å–∏—á–Ω–∏–π,–°—É—á–∞—Å–Ω–∏–π –¥–∏–∑–∞–π–Ω
–¢–µ–º–Ω–∞ —Ç–µ–º–∞,–¢–µ–º–Ω–∞ —Ç–µ–º–∞ –∑ –æ–±–º–µ–∂–µ–Ω–æ—é —ñ–Ω–≤–µ—Ä—Å—ñ—î—é –∫–æ–ª—å–æ—Ä—ñ–≤,"–ü–æ–≤–Ω–æ—Ü—ñ–Ω–Ω–∞ —Ç–µ–º–Ω–∞ —Ç–µ–º–∞, –±—ñ–ª—å—à –∑—Ä—É—á–Ω–∞ –¥–ª—è —Ä–æ–±–æ—Ç–∏ —É –≤–µ—á—ñ—Ä–Ω—ñ–π —Ç–∞ –Ω—ñ—á–Ω–∏–π —á–∞—Å"
–ú–æ–±—ñ–ª—å–Ω—ñ—Å—Ç—å,–ê–¥–∞–ø—Ç–æ–≤–∞–Ω–∞ –¥–µ—Å–∫—Ç–æ–ø–Ω–∞ –≤–µ—Ä—Å—ñ—è,"Mobile-first –¥–∏–∑–∞–π–Ω, –æ–¥–Ω–∞–∫–æ–≤–æ –∑—Ä—É—á–Ω–∏–π –Ω–∞ –±—É–¥—å-—è–∫–æ–º—É –ø—Ä–∏—Å—Ç—Ä–æ—ó"
AI,–í—ñ–¥—Å—É—Ç–Ω—ñ–π,–†–æ–∑—É–º–Ω–∏–π –ø–æ—à—É–∫ —ñ –∫–æ—Ä–æ—Ç–∫—ñ –ø—ñ–¥—Å—É–º–∫–∏ —É –∫–æ–º–µ–Ω—Ç–∞—Ä—è—Ö
–í—ñ–¥–∫—Ä–∏—Ç—ñ –≤–∫–ª–∞–¥–∫–∏,–í—ñ–¥—Å—É—Ç–Ω—ñ,"–ú–æ–∂–ª–∏–≤—ñ—Å—Ç—å –∑–≥–æ—Ä—Ç–∞—Ç–∏ –∞–∫—Ç–∏–≤–Ω—ñ –∑–∞–¥–∞—á—ñ, —á–µ—Ä–Ω–µ—Ç–∫–∏ —ñ —á–∞—Ç–∏ –Ω–∞ –ø–∞–Ω–µ–ª—ñ –≤—ñ–¥–∫—Ä–∏—Ç–∏—Ö –≤–∫–ª–∞–¥–æ–∫ —ñ —à–≤–∏–¥–∫–æ –ø–µ—Ä–µ–º–∏–∫–∞—Ç–∏—Å—è –º—ñ–∂ –Ω–∏–º–∏"
–ü–æ—à—É–∫ —ñ —Ñ—ñ–ª—å—Ç—Ä–∏,–ë–∞–∑–æ–≤—ñ,"–ù–æ–≤–∏–π –∑—Ä—É—á–Ω–∏–π –ø–æ—à—É–∫, —Ä–æ–∑—à–∏—Ä–µ–Ω—ñ —Ñ—ñ–ª—å—Ç—Ä–∏ —É —Å–ø–∏—Å–∫–∞—Ö, –≤—ñ–¥–∂–µ—Ç–∞—Ö —ñ –∫–æ–º–µ–Ω—Ç–∞—Ä—è—Ö"
–ù–∞–≤—ñ–≥–∞—Ü—ñ—è,–°—Ç–∞–Ω–¥–∞—Ä—Ç–Ω—ñ –ø–µ—Ä–µ—Ö–æ–¥–∏ –º—ñ–∂ —Å—Ç–æ—Ä—ñ–Ω–∫–∞–º–∏,"–°–∞–π–¥–±–∞—Ä, –≤—ñ–¥–∫—Ä–∏—Ç—ñ –≤–∫–ª–∞–¥–∫–∏ —Ç–∞ –∫–æ–º–±—ñ–Ω–∞—Ü—ñ—ó –∫–ª–∞–≤—ñ—à –¥–ª—è –º–∏—Ç—Ç—î–≤–æ–≥–æ –ø–µ—Ä–µ—Ö–æ–¥—É –¥–æ –ø–æ—Ç—Ä—ñ–±–Ω–æ—ó —ñ–Ω—Ñ–æ—Ä–º–∞—Ü—ñ—ó"
,,
üìä –î–∞—à–±–æ—Ä–¥–∏ —Ç–∞ –∞–Ω–∞–ª—ñ—Ç–∏–∫–∞,,
–ó–º—ñ–Ω–∏,Worksection 1.0,Worksection 2.0
–î–∞—à–±–æ—Ä–¥–∏,–¢—ñ–ª—å–∫–∏ –¥–∞—à–±–æ—Ä–¥–∏ –ø—Ä–æ—î–∫—Ç—ñ–≤,"–ü–æ–≤–Ω–æ—Ü—ñ–Ω–Ω—ñ –≤–ª–∞—Å–Ω—ñ –¥–∞—à–±–æ—Ä–¥–∏ –∑ –ø–µ—Ä—Å–æ–Ω–∞–ª—ñ–∑–∞—Ü—ñ—î—é (Drag&Drop, –∫–æ–Ω—Å—Ç—Ä—É–∫—Ç–æ—Ä)"
"–í—ñ–¥–∂–µ—Ç–∏ (–ê–∫—Ç–∏–≤–Ω—ñ—Å—Ç—å, –ú–æ—ó –∑–∞–¥–∞—á—ñ, –ü–æ–¥—ñ—ó, –°—Ç–∞—Ç–∏—Å—Ç–∏–∫–∞ –ø—Ä–æ—î–∫—Ç—É, –£—Å—ñ –∑–∞–¥–∞—á—ñ)",–í—ñ–¥—Å—É—Ç–Ω—ñ,"–ù–∞–±—ñ—Ä –≥–æ—Ç–æ–≤–∏—Ö –≤—ñ–¥–∂–µ—Ç—ñ–≤ –¥–ª—è –ø–µ—Ä—Å–æ–Ω–∞–ª—ñ–∑–∞—Ü—ñ—ó –¥–∞—à–±–æ—Ä–¥—É (–∞–∫—Ç–∏–≤–Ω—ñ—Å—Ç—å, –∑–∞–≤–¥–∞–Ω–Ω—è, –ø–æ–¥—ñ—ó, —Å—Ç–∞—Ç–∏—Å—Ç–∏–∫–∞ —Ç–æ—â–æ) "
–ù–∞–ª–∞—à—Ç—É–≤–∞–Ω–Ω—è –≤—ñ–¥–∂–µ—Ç—ñ–≤,–í—ñ–¥—Å—É—Ç–Ω—î,"–ó–º—ñ–Ω–∞ –ø–æ—Ä—è–¥–∫—É, –∫–ª–æ–Ω—É–≤–∞–Ω–Ω—è, –ø—Ä–∏—Ö–æ–≤—É–≤–∞–Ω–Ω—è"
–ó–±–µ—Ä–µ–∂–µ–Ω—ñ —Ä–µ–∂–∏–º–∏ –≤—ñ–¥–æ–±—Ä–∞–∂–µ–Ω–Ω—è,–í—ñ–¥—Å—É—Ç–Ω—ñ,"–§—ñ–ª—å—Ç—Ä–∏, —Å–æ—Ä—Ç—É–≤–∞–Ω–Ω—è, –≥—Ä—É–ø—É–≤–∞–Ω–Ω—è"
,,
üîí –ë–µ–∑–ø–µ–∫–∞ —Ç–∞ —Å—Ç–∞–Ω–¥–∞—Ä—Ç–∏,,
–ó–º—ñ–Ω–∏,Worksection 1.0,Worksection 2.0
GDPR compliant,–ü–æ–≤–Ω–∞ –≤—ñ–¥–ø–æ–≤—ñ–¥–Ω—ñ—Å—Ç—å GDPR,
ISO 27001,–°–µ—Ä—Ç–∏—Ñ—ñ–∫–∞—Ü—ñ—è ISO 27001,
,,
üí¨ –ö–æ–º—É–Ω—ñ–∫–∞—Ü—ñ—è —Ç–∞ —Ñ–∞–π–ª–∏,,
–ó–º—ñ–Ω–∏,Worksection 1.0,Worksection 2.0
–ö–æ–º–µ–Ω—Ç–∞—Ä—ñ,–ë–∞–∑–æ–≤—ñ –∫–æ–º–µ–Ω—Ç–∞—Ä—ñ –≤ –∑–∞–¥–∞—á–∞—Ö,"Inline-–≤—ñ–¥–ø–æ–≤—ñ–¥—ñ, —Ñ–æ—Ä–º–∞—Ç—É–≤–∞–Ω–Ω—è, –ø–æ—à—É–∫, —î–¥–∏–Ω–∞ —Å—Ç—Ä—ñ—á–∫–∞"
–õ–æ–≥ –ø–æ–¥—ñ–π —ñ –∫–æ–º–µ–Ω—Ç–∞—Ä—ñ,–†–∞–∑–æ–º —É –∑–∞–≥–∞–ª—å–Ω—ñ–π —Å—Ç—Ä—ñ—á—Ü—ñ,–†–æ–∑–¥—ñ–ª–µ–Ω—ñ: —Å–∏—Å—Ç–µ–º–Ω–∏–π –ª–æ–≥ —ñ –∫–æ–º–µ–Ω—Ç–∞—Ä—ñ –æ–∫—Ä–µ–º–æ
–ß–∞—Ç–∏,"–í—ñ–¥—Å—É—Ç–Ω—ñ, —Ç—ñ–ª—å–∫–∏ –∫–æ–º–µ–Ω—Ç–∞—Ä—ñ —É –∫–æ–Ω—Ç–µ–∫—Å—Ç—ñ –∑–∞–¥–∞—á","–í–±—É–¥–æ–≤–∞–Ω—ñ —Ä–æ–±–æ—á—ñ —á–∞—Ç–∏ (—á–∞—Ç –ø—Ä–æ—î–∫—Ç—É, –≥—Ä—É–ø–æ–≤—ñ, –≤–∫–ª–∞–¥–∫–∏, –ø–∞–Ω–µ–ª—å)"
–ó–≥–∞–¥–∫–∏,–£ –∫–æ–º–µ–Ω—Ç–∞—Ä—è—Ö,"–£ –∫–æ–º–µ–Ω—Ç–∞—Ä—è—Ö —ñ —á–∞—Ç–∞—Ö, –∑ –∞–≤—Ç–æ–¥–æ–ø–æ–≤–Ω–µ–Ω–Ω—è–º"
–§–∞–π–ª–∏,–ü—Ä–æ—Å—Ç–µ –∑–∞–≤–∞–Ω—Ç–∞–∂–µ–Ω–Ω—è –±–µ–∑ —Å—Ç—Ä—É–∫—Ç—É—Ä–∏,"–§–∞–π–ª–æ–≤–∏–π –º–µ–Ω–µ–¥–∂–µ—Ä –∑ –≤–µ—Ä—Å—ñ–π–Ω—ñ—Å—Ç—é, –ø–æ—à—É–∫–æ–º —ñ —Å—Ç—Ä—É–∫—Ç—É—Ä–æ—é"
–í—ñ–¥–∫—Ä–∏—Ç—ñ –≤–∫–ª–∞–¥–∫–∏ —á–∞—Ç—ñ–≤,–í—ñ–¥—Å—É—Ç–Ω—ñ,–ß–∞—Ç–∏ –º–æ–∂–Ω–∞ –∑–≥–æ—Ä—Ç–∞—Ç–∏ –Ω–∞ –ø–∞–Ω–µ–ª—ñ –≤—ñ–¥–∫—Ä–∏—Ç–∏—Ö –≤–∫–ª–∞–¥–æ–∫ —ñ —à–≤–∏–¥–∫–æ –ø–µ—Ä–µ–º–∏–∫–∞—Ç–∏—Å—è
,,
‚úÖ –£–ø—Ä–∞–≤–ª—ñ–Ω–Ω—è –∑–∞–¥–∞—á–∞–º–∏,,
–ó–º—ñ–Ω–∏,Worksection 1.0,Worksection 2.0
–¢–∞–±–ª–∏—á–Ω–∏–π –≤–∏–≥–ª—è–¥ ,"–í—ñ–¥—Å—É—Ç–Ω—ñ, —Ç—ñ–ª—å–∫–∏ —Å–ø–∏—Å–∫–∏ –∑–∞–¥–∞—á","–Ñ: Drag&Drop –∫–æ–ª–æ–Ω–æ–∫, –ø–æ–∫–∞–∑/–ø—Ä–∏—Ö–æ–≤—É–≤–∞–Ω–Ω—è –ø–æ–ª—ñ–≤, inline-—Ä–µ–¥–∞–≥—É–≤–∞–Ω–Ω—è (–≤–∏–∫–æ–Ω–∞–≤—Ü—ñ/—Ç–µ—Ä–º—ñ–Ω–∏/–ø—Ä—ñ–æ—Ä–∏—Ç–µ—Ç–∏), —Å–æ—Ä—Ç—É–≤–∞–Ω–Ω—è —Ç–∞ —Ñ—ñ–ª—å—Ç—Ä–∏ –ø–æ —Ç–∞–±–ª–∏—Ü—ñ –∑–∞–¥–∞—á"
–°—Ç—Ä—É–∫—Ç—É—Ä–∞ –∑–∞–¥–∞—á,"–ó–∞–¥–∞—á—ñ –π –ø—ñ–¥–∑–∞–¥–∞—á—ñ, –∞–ª–µ –±–µ–∑ –≥–Ω—É—á–∫–æ—ó —ñ—î—Ä–∞—Ä—Ö—ñ—ó","–ü–æ–∫—Ä–∞—â–µ–Ω–∞ –≤—ñ–∑—É–∞–ª—ñ–∑–∞—Ü—ñ—è –ø—ñ–¥–∑–∞–¥–∞—á, –ø–æ–∫–∞–∑–∞—Ç–∏/–ø—Ä–∏—Ö–æ–≤–∞—Ç–∏, —ñ—Å—Ç–æ—Ä—ñ—è —Å—Ç–∞—Ç—É—Å—ñ–≤"
–Ü—Å—Ç–æ—Ä—ñ—è —Å—Ç–∞—Ç—É—Å—ñ–≤,–£ –∑–∞–≥–∞–ª—å–Ω—ñ–π —Å—Ç—Ä—ñ—á—Ü—ñ –∫–æ–º–µ–Ω—Ç–∞—Ä—ñ–≤ —ñ –ø–æ–¥—ñ–π ,–Ü—Å—Ç–æ—Ä—ñ—é –∑–º—ñ–Ω –∑–∞–¥–∞—á—ñ –≤ –æ–∫—Ä–µ–º–æ–º—É –≤—ñ–∫–Ω—ñ
–í–ª–∞—Å—Ç–∏–≤–æ—Å—Ç—ñ –∑–∞–¥–∞—á,"–ù–∞–∑–≤–∞, –æ–ø–∏—Å, —Ç–µ—Ä–º—ñ–Ω, –≤–∏–∫–æ–Ω–∞–≤–µ—Ü—å","–ù–æ–≤—ñ –≤–ª–∞—Å—Ç–∏–≤–æ—Å—Ç—ñ: —Ä–µ–∞–∫—Ü—ñ—ó, –∑–≤‚Äô—è–∑–∫–∏, –∞–≤—Ç–æ—Ä –∑–∞–¥–∞—á—ñ, –Ω–∞–≥–∞–¥—É–≤–∞–Ω–Ω—è + –º–æ–∂–ª–∏–≤—ñ—Å—Ç—å –¥–æ–¥–∞–≤–∞—Ç–∏ –∫–∞—Å—Ç–æ–º–Ω—ñ –≤–ª–∞—Å—Ç–∏–≤–æ—Å—Ç—ñ"
–ü—Ä—ñ–æ—Ä–∏—Ç–µ—Ç–∏,–¢—ñ–ª—å–∫–∏ —Ü–∏—Ñ—Ä–æ–≤–∞ –ø–æ–∑–Ω–∞—á–∫–∞,"–í—ñ–¥–æ–±—Ä–∞–∂–∞—î—Ç—å—Å—è —Ü–∏—Ñ—Ä–æ—é —Ç–∞ –Ω–∞–∑–≤–æ—é. 
–ü—Ä—ñ–æ—Ä–∏—Ç–µ—Ç–∏ –º–æ–∂–Ω–∞ –ø—Ä–∏–∑–Ω–∞—á–∞—Ç–∏ —Ç–∞ –∑–º—ñ–Ω—é–≤–∞—Ç–∏ –ø—Ä—è–º–æ —É —Ç–∞–±–ª–∏—Ü—ñ –∑–∞–¥–∞—á, –Ω–∞ –∫–∞–Ω–±–∞–Ω—ñ —Ç–∞ –¥—ñ–∞–≥—Ä–∞–º—ñ –ì–∞–Ω—Ç–∞"
–°—Ç–∞—Ç—É—Å–∏,–°—Ç–∞–Ω–¥–∞—Ä—Ç–Ω—ñ —Å—Ç–∞—Ç—É—Å–∏,–†–æ–∑—à–∏—Ä–µ–Ω—ñ —Å—Ç–∞—Ç—É—Å–∏ –∑–∞–¥–∞—á —ñ –ø—Ä–æ—î–∫—Ç—ñ–≤
–ó–≤ º—è–∑–∫–∏ –º—ñ–∂ –∑–∞–¥–∞—á–∞–º–∏,–ë–∞–∑–æ–≤—ñ –∑–∞–ª–µ–∂–Ω–æ—Å—Ç—ñ,"–†–æ–∑—à–∏—Ä–µ–Ω—ñ: –±–ª–æ–∫–µ—Ä–∏, —ñ–Ω—Ñ–æ—Ä–º–∞—Ü—ñ–π–Ω—ñ –∑–≤‚Äô—è–∑–∫–∏, –∑–∞–ª–µ–∂–Ω–æ—Å—Ç—ñ ¬´–ø–æ—á–∞—Ç–∏ –ø—ñ—Å–ª—è –∑–∞–≤–µ—Ä—à–µ–Ω–Ω—è¬ª"
–ù–∞–≥–∞–¥—É–≤–∞–Ω–Ω—è,–ë–∞–∑–æ–≤—ñ –Ω–∞–≥–∞–¥—É–≤–∞–Ω–Ω—è,–ê–≤—Ç–æ–º–∞—Ç–∏—á–Ω—ñ –Ω–∞–≥–∞–¥—É–≤–∞–Ω–Ω—è –ø—Ä–æ –¥–µ–¥–ª–∞–π–Ω–∏ —Ç–∞ —ñ–Ω—à—ñ –ø–æ–¥—ñ—ó
–®–∞–±–ª–æ–Ω–∏,–ß–µ—Ä–µ–∑ –∫–æ–ø—ñ–ø–∞—Å—Ç –∑–∞–¥–∞—á —ñ –ø—Ä–æ—î–∫—Ç—ñ–≤ ,–ì–Ω—É—á–∫—ñ —à–∞–±–ª–æ–Ω–∏ –∑–∞–¥–∞—á —ñ –ø—Ä–æ—î–∫—Ç—ñ–≤
Drag&Drop —É —Å–ø–∏—Å–∫–∞—Ö –∑–∞–¥–∞—á,–û–±–º–µ–∂–µ–Ω–∏–π,"–õ–µ–≥–∫–µ —Å–æ—Ä—Ç—É–≤–∞–Ω–Ω—è –∑–∞–¥–∞—á, —à–≤–∏–¥–∫–µ —Å—Ç–≤–æ—Ä–µ–Ω–Ω—è –ø—ñ–¥–∑–∞–¥–∞—á —ñ –æ—Ä–≥–∞–Ω—ñ–∑–∞—Ü—ñ—è —Å–ø–∏—Å–∫—ñ–≤"
–î–æ—Å—Ç—É–ø —ñ API,–¢—ñ–ª—å–∫–∏ –±–∞–∑–æ–≤–∏–π –¥–æ—Å—Ç—É–ø,"–¢–æ–∫–µ–Ω–∏ –¥–æ—Å—Ç—É–ø—É, API –¥–ª—è –∑–∞–¥–∞—á —ñ –ø—Ä–æ—î–∫—Ç—ñ–≤"
,,
üìÖ –î—ñ–∞–≥—Ä–∞–º–∞ –ì–∞–Ω—Ç–∞,,
–ó–º—ñ–Ω–∏,Worksection 1.0,Worksection 2.0
–Ü–Ω—Ç–µ—Ä—Ñ–µ–π—Å,–ö–ª–∞—Å–∏—á–Ω–∏–π,"–ù–æ–≤–∏–π, —Å—Ç—Ä—É–∫—Ç—É—Ä–æ–≤–∞–Ω–∏–π —ñ –ª–µ–≥–∫–∏–π –¥–ª—è —Å–ø—Ä–∏–π–Ω—è—Ç—Ç—è (–æ–Ω–æ–≤–ª–µ–Ω–∏–π UX/UI)"
–ú–æ–∂–ª–∏–≤–æ—Å—Ç—ñ —Ä–µ–¥–∞–≥—É–≤–∞–Ω–Ω—è,–ß–µ—Ä–µ–∑ —Ñ–æ—Ä–º—É –∞–±–æ –∫–∞–ª–µ–Ω–¥–∞—Ä,"–ü—Ä—è–º–æ –Ω–∞ —Ç–∞–π–º–ª–∞–π–Ω—ñ: Drag&Drop, inline-—Ä–µ–¥–∞–≥—É–≤–∞–Ω–Ω—è"
–ú–∞—Å—à—Ç–∞–±,–î–Ω—ñ / —Ç–∏–∂–Ω—ñ / –º—ñ—Å—è—Ü—ñ (—Ñ—ñ–∫—Å–æ–≤–∞–Ω–æ),–î–Ω—ñ / —Ç–∏–∂–Ω—ñ / –º—ñ—Å—è—Ü—ñ –∑ –º–æ–∂–ª–∏–≤—ñ—Å—Ç—é —à–≤–∏–¥–∫–æ–≥–æ –º–∞—Å—à—Ç–∞–±—É–≤–∞–Ω–Ω—è
–ì–æ—Ä–∏–∑–æ–Ω—Ç –ø–ª–∞–Ω—É–≤–∞–Ω–Ω—è,–û–±–º–µ–∂–µ–Ω–∏–π,–ù–∞ —Ä–æ–∫–∏ –≤–ø–µ—Ä–µ–¥ + –ø–µ—Ä–µ–≥–ª—è–¥ –º–∏–Ω—É–ª–∏—Ö –ø–µ—Ä—ñ–æ–¥—ñ–≤
–î—ñ–∞–≥—Ä–∞–º–∞ –ì–∞–Ω—Ç–∞ –ø–æ –ª—é–¥—è—Ö,–ù–∞ —Ä—ñ–≤–Ω—ñ –∞–∫–∞—É–Ω—Ç–∞,"–î–æ—Å—Ç—É–ø–Ω–∏–π —è–∫ —É –º–µ–∂–∞—Ö –∞–∫–∞—É–Ω—Ç–∞, —Ç–∞–∫ —ñ –≤ –æ–∫—Ä–µ–º–∏—Ö –ø—Ä–æ—î–∫—Ç–∞—Ö "
–ü—Ä–æ—Å—Ç—Ä–æ—á–µ–Ω–Ω—è,–ë–∞–∑–æ–≤–∏–π –º–∞—Ä–∫–µ—Ä,–°—É—Ü—ñ–ª—å–Ω–∞ —á–µ—Ä–≤–æ–Ω–∞ –ª—ñ–Ω—ñ—è –¥–æ –º–æ–º–µ–Ω—Ç—É –∑–∞–∫—Ä–∏—Ç—Ç—è / –∑–º—ñ–Ω–∏
–í–µ—Ä—Ö–Ω—è –ø–∞–Ω–µ–ª—å,–ù–µ —Ñ—ñ–∫—Å–æ–≤–∞–Ω–∞,–§—ñ–∫—Å–æ–≤–∞–Ω–∞ –¥–ª—è –∑—Ä—É—á–Ω–æ—ó –Ω–∞–≤—ñ–≥–∞—Ü—ñ—ó
–Ü—î—Ä–∞—Ä—Ö—ñ—è,–ó–∞–¥–∞—á—ñ / –ø—ñ–¥–∑–∞–¥–∞—á—ñ,–ó–∞–¥–∞—á—ñ / –ø—ñ–¥–∑–∞–¥–∞—á—ñ / –ø—ñ–¥-–ø—ñ–¥–∑–∞–¥–∞—á—ñ –∑ –º–æ–∂–ª–∏–≤—ñ—Å—Ç—é –∑–≥–æ—Ä—Ç–∞–Ω–Ω—è —Ç–∞ —Ä–æ–∑–≥–æ—Ä—Ç–∞–Ω–Ω—è 
–ó–≤‚Äô—è–∑–∫–∏ –º—ñ–∂ –∑–∞–¥–∞—á–∞–º–∏,–ë–∞–∑–æ–≤—ñ –∑–∞–ª–µ–∂–Ω–æ—Å—Ç—ñ,"–ì–Ω—É—á–∫–∞ —Å–∏—Å—Ç–µ–º–∞: –±–ª–æ–∫–µ—Ä–∏, —ñ–Ω—Ñ–æ—Ä–º–∞—Ü—ñ–π–Ω—ñ –∑–≤‚Äô—è–∑–∫–∏, –∑–∞–ª–µ–∂–Ω–æ—Å—Ç—ñ ¬´–ø–æ—á–∞—Ç–∏ –ø—ñ—Å–ª—è –∑–∞–≤–µ—Ä—à–µ–Ω–Ω—è¬ª"
–¢–µ—Ö–Ω–æ–ª–æ–≥—ñ—è –æ–Ω–æ–≤–ª–µ–Ω–Ω—è,–ü–µ—Ä–µ–∑–∞–≤–∞–Ω—Ç–∞–∂–µ–Ω–Ω—è —Å—Ç–æ—Ä—ñ–Ω–æ–∫,SPA: –º–∏—Ç—Ç—î–≤—ñ –æ–Ω–æ–≤–ª–µ–Ω–Ω—è –±–µ–∑ –ø–µ—Ä–µ–∑–∞–≤–∞–Ω—Ç–∞–∂–µ–Ω—å
,,
üóÇ –ö–∞–Ω–±–∞–Ω,,
–ó–º—ñ–Ω–∏,Worksection 1.0,Worksection 2.0
–Ü–Ω—Ç–µ—Ä—Ñ–µ–π—Å,"–ö–∞–Ω–±–∞–Ω –ø–æ –¥–Ω—è—Ö, –ª—é–¥—è—Ö —ñ –ø—Ä–æ—î–∫—Ç–∞—Ö
–ö–∞–Ω–±–∞–Ω –ø—Ä–æ—î–∫—Ç—ñ–≤ (—Ç–∞—Ä–∏—Ñ –ü—Ä–µ–º—ñ—É–º —ñ –≤–∏—â–µ)","–ö–∞–Ω–±–∞–Ω –ø–æ –¥–Ω—è—Ö, –ª—é–¥—è—Ö —ñ –ø—Ä–æ—î–∫—Ç–∞—Ö
–ù–æ–≤–∏–π –º—ñ–Ω—ñ–º–∞–ª—ñ—Å—Ç–∏—á–Ω–∏–π —ñ–Ω—Ç–µ—Ä—Ñ–µ–π—Å –∑ –º–æ–∂–ª–∏–≤—ñ—Å—Ç—é –∑–º—ñ–Ω—é–≤–∞—Ç–∏ —à–∏—Ä–∏–Ω—É –∫–æ–ª–æ–Ω–æ–∫"
–ú–æ–∂–ª–∏–≤–æ—Å—Ç—ñ —Ä–µ–¥–∞–≥—É–≤–∞–Ω–Ω—è,–ü–µ—Ä–µ—Ç—è–≥—É–≤–∞–Ω–Ω—è –∫–∞—Ä—Ç–æ–∫ –º—ñ–∂ –∫–æ–ª–æ–Ω–∫–∞–º–∏ (–∑–º—ñ–Ω–∞ —Å—Ç–∞—Ç—É—Å—É),"–ü–µ—Ä–µ—Ç—è–≥—É–≤–∞–Ω–Ω—è –∫–∞—Ä—Ç–æ–∫, –∑–º—ñ–Ω–∞ –≤–∏–∫–æ–Ω–∞–≤—Ü—ñ–≤, —Ç–µ—Ä–º—ñ–Ω—ñ–≤ —ñ –ø—Ä—ñ–æ—Ä–∏—Ç–µ—Ç—ñ–≤ –ø—Ä—è–º–æ –∑ –¥–æ—à–∫–∏"
–ê—Ç—Ä–∏–±—É—Ç–∏ –∫–∞—Ä—Ç–∫–∏,"–ù–∞–∑–≤–∞, –≤–∏–∫–æ–Ω–∞–≤–µ—Ü—å, —Ç–µ—Ä–º—ñ–Ω",–†–æ–∑—à–∏—Ä–µ–Ω–µ –≤—ñ–¥–æ–±—Ä–∞–∂–µ–Ω–Ω—è –∞—Ç—Ä–∏–±—É—Ç—ñ–≤ —ñ —Ä–µ–¥–∞–≥—É–≤–∞–Ω–Ω—è –Ω–∞ –¥–æ—à—Ü—ñ –±–µ–∑ –≤—ñ–¥–∫—Ä–∏—Ç—Ç—è –∑–∞–¥–∞—á—ñ
–§—ñ–ª—å—Ç—Ä–∏ —ñ —Å–æ—Ä—Ç—É–≤–∞–Ω–Ω—è,"–ó–∞ –±–∞–∑–æ–≤–∏–º–∏ –ø–∞—Ä–∞–º–µ—Ç—Ä–∞–º–∏ (—Å—Ç–∞—Ç—É—Å, –≤–∏–∫–æ–Ω–∞–≤–µ—Ü—å, –º—ñ—Ç–∫–∏)","–†–æ–∑—à–∏—Ä–µ–Ω—ñ —Ñ—ñ–ª—å—Ç—Ä–∏ —ñ —Å–æ—Ä—Ç—É–≤–∞–Ω–Ω—è + –ø–æ—à—É–∫ –ø–æ –±–µ–∫–ª–æ–≥—É (–Ω–∞–∑–≤–∏, –º—ñ—Ç–∫–∏, –≤–∏–∫–æ–Ω–∞–≤—Ü—ñ)"
–ü–æ—à—É–∫,–ó–∞ –Ω–∞–∑–≤–æ—é (—á–∞—Å—Ç–∫–æ–≤—ñ –∑–±—ñ–≥–∏ –æ–±–º–µ–∂–µ–Ω—ñ),–ü–æ—à—É–∫ –ø—ñ–¥—Ç—Ä–∏–º—É—î —á–∞—Å—Ç–∫–æ–≤—ñ –∑–±—ñ–≥–∏ (–¥–æ—Å—Ç–∞—Ç–Ω—å–æ —á–∞—Å—Ç–∏–Ω–∏ —Å–ª–æ–≤–∞)
–Ü—î—Ä–∞—Ä—Ö—ñ—è,"–ü—ñ–¥–∑–∞–¥–∞—á—ñ –≤—ñ–¥–æ–±—Ä–∞–∂–∞—é—Ç—å—Å—è —è–∫ –æ–∫—Ä–µ–º—ñ –∫–∞—Ä—Ç–∫–∏, –±–µ–∑ –≥—Ä—É–ø—É–≤–∞–Ω–Ω—è",–ì—Ä—É–ø—É–≤–∞–Ω–Ω—è –∫–∞—Ä—Ç–æ–∫ –∑–∞ —ñ—î—Ä–∞—Ä—Ö—ñ—î—é; –º–æ–∂–Ω–∞ –ø–µ—Ä–µ—Ç—è–≥—É–≤–∞—Ç–∏ –ø—ñ–¥–∑–∞–¥–∞—á—ñ –æ–∫—Ä–µ–º–æ –∞–±–æ –≤—Å—ñ—î—é –≥—Ä—É–ø–æ—é
–ú–∞—Å–æ–≤–µ —Ä–µ–¥–∞–≥—É–≤–∞–Ω–Ω—è,–û–±–º–µ–∂–µ–Ω–µ,"–í–¥–æ—Å–∫–æ–Ω–∞–ª–µ–Ω–µ: 
- –≤–∏–±—ñ—Ä –∫—ñ–ª—å–∫–æ—Ö –∫–∞—Ä—Ç–æ–∫ (Shift/Ctrl+–∫–ª—ñ–∫) 
- –∑–º—ñ–Ω–∞ —Å—Ç–∞—Ç—É—Å—É, –ø—Ä—ñ–æ—Ä–∏—Ç–µ—Ç—É, —Ç–µ—Ä–º—ñ–Ω—ñ–≤ –¥–ª—è –≥—Ä—É–ø–∏ –∫–∞—Ä—Ç–æ–∫
- –∫–æ–ø—ñ—é–≤–∞–Ω–Ω—è, –ø–µ—Ä–µ–º—ñ—â–µ–Ω–Ω—è —Ç–∞ –≤–∏–¥–∞–ª–µ–Ω–Ω—è –≥—Ä—É–ø–∏ –∫–∞—Ä—Ç–æ–∫"
–ü—Ä–æ–¥—É–∫—Ç–∏–≤–Ω—ñ—Å—Ç—å,–ú–æ–∂–ª–∏–≤—ñ –ø–µ—Ä–µ–∑–∞–≤–∞–Ω—Ç–∞–∂–µ–Ω–Ω—è —Å—Ç–æ—Ä—ñ–Ω–æ–∫,SPA: –º–∏—Ç—Ç—î–≤—ñ –æ–Ω–æ–≤–ª–µ–Ω–Ω—è —Ç–∞ –≤–∑–∞—î–º–æ–¥—ñ—è –±–µ–∑ –ø–µ—Ä–µ–∑–∞–≤–∞–Ω—Ç–∞–∂–µ–Ω–Ω—è
,,
‚è±Ô∏è –¢–∞–π–º-—Ç—Ä–µ–∫—ñ–Ω–≥,,
–ó–º—ñ–Ω–∏,Worksection 1.0,Worksection 2.0
–ó–∞–ø–∏—Å —á–∞—Å—É,–ê–≤—Ç–æ–º–∞—Ç–∏—á–Ω–µ —Ç–∞ —Ä—É—á–Ω–µ –≤–Ω–µ—Å–µ–Ω–Ω—è —á–∞—Å—É,–ê–≤—Ç–æ–º–∞—Ç–∏—á–Ω–µ —Ç–∞ —Ä—É—á–Ω–µ –≤–Ω–µ—Å–µ–Ω–Ω—è + —Å—Ç–∞—Ä—Ç/—Å—Ç–æ–ø —Ç–∞–π–º–µ—Ä–∞
–í—ñ–∫–Ω–æ —á–∞—Å—É,"–û–∫—Ä–µ–º–µ, –±–µ–∑ —ñ–Ω—Ç–µ–≥—Ä–∞—Ü—ñ—ó",–í—ñ–∫–Ω–æ ¬´–∑–∞—Ç—Ä–∞—Ç–∏ –∑–∞ —Å—å–æ–≥–æ–¥–Ω—ñ¬ª –ø–æ—î–¥–Ω–∞–Ω–µ –∑ —Ç–∞–π–º–µ—Ä–æ–º
–í–∏—Ç—Ä–∞—Ç–∏ —á–∞—Å—É,–ë–∞–∑–æ–≤—ñ –∑–≤—ñ—Ç–∏ –ø–æ –≤–∏—Ç—Ä–∞—Ç–∞—Ö —á–∞—Å—É,–î–µ—Ç–∞–ª—ñ–∑–æ–≤–∞–Ω—ñ –∑–≤—ñ—Ç–∏ –ø–æ –≤–∏—Ç—Ä–∞—Ç–∞—Ö —á–∞—Å—É
–ü–æ–≥–æ–¥–∏–Ω–∫–∞ (Billing),"–°—Ç–∞–≤–∫–∏ billable / non-billable, –±—ñ–ª—ñ–Ω–≥ –≥–æ–¥–∏–Ω","–†–æ–∑—à–∏—Ä–µ–Ω—ñ –ø–æ–≥–æ–¥–∏–Ω–∫–æ–≤—ñ —Å—Ç–∞–≤–∫–∏, –≥–Ω—É—á–∫–∏–π –±—ñ–ª—ñ–Ω–≥ –≥–æ–¥–∏–Ω"
,,
üìÖ –ü–ª–∞–Ω—É–≤–∞–Ω–Ω—è,,
–ó–º—ñ–Ω–∏,Worksection 1.0,Worksection 2.0
–ö–∞–ª–µ–Ω–¥–∞—Ä –∑–∞–¥–∞—á,"–ë–∞–∑–æ–≤–µ –ø–ª–∞–Ω—É–≤–∞–Ω–Ω—è —É –∫–∞–ª–µ–Ω–¥–∞—Ä—ñ, –ø–µ—Ä–µ—Ç—è–≥—É–≤–∞–Ω–Ω—è –∑–∞–¥–∞—á",–ü–æ–≤–Ω–æ—Ü—ñ–Ω–Ω–∏–π –∫–∞–ª–µ–Ω–¥–∞—Ä —ñ–∑ Drag&Drop —Ç–∞ —Å–∏–Ω—Ö—Ä–æ–Ω—ñ–∑–∞—Ü—ñ—î—é –ø–æ–¥—ñ–π
–ü–ª–∞–Ω –¥–Ω—è (–¥–ª—è –∑–∞–¥–∞—á),–í—ñ–¥—Å—É—Ç–Ω—ñ–π,"–ü–µ—Ä—Å–æ–Ω–∞–ª—å–Ω–∏–π –ø–ª–∞–Ω—É–≤–∞–ª—å–Ω–∏–∫ ‚Äú–ü–ª–∞–Ω –¥–Ω—è‚Äù –∑ Drag&Drop –∑–∞–¥–∞—á–∞–º–∏, –∫–∞–ª–µ–Ω–¥–∞—Ä–Ω–æ—é –≤—ñ–∑—É–∞–ª—ñ–∑–∞—Ü—ñ—î—é —Ç–∞ –∑–±–µ—Ä–µ–∂–µ–Ω–Ω—è–º –æ–±—Ä–∞–Ω–æ–≥–æ –≤–∏–≥–ª—è–¥—É"
–ó–±–µ—Ä–µ–∂–µ–Ω—ñ –≤–∏–≥–ª—è–¥–∏,–°–ø–∏—Å–∫–∏ –∑–∞–¥–∞—á —ñ–∑ —Ä—É—á–Ω–∏–º–∏ —Ñ—ñ–ª—å—Ç—Ä–∞–º–∏,"–ó–±–µ—Ä–µ–∂–µ–Ω—ñ —Ä–µ–∂–∏–º–∏ –≤—ñ–¥–æ–±—Ä–∞–∂–µ–Ω–Ω—è (—Ñ—ñ–ª—å—Ç—Ä–∏, —Å–æ—Ä—Ç—É–≤–∞–Ω–Ω—è, –≥—Ä—É–ø—É–≤–∞–Ω–Ω—è) –¥–ª—è —à–≤–∏–¥–∫–æ–≥–æ –¥–æ—Å—Ç—É–ø—É"
,,
üë• –ü–µ—Ä—Å–æ–Ω–∞–ª—ñ–∑–∞—Ü—ñ—è —Ç–∞ –¥–æ—Å—Ç—É–ø–∏,,
–ó–º—ñ–Ω–∏,Worksection 1.0,Worksection 2.0
–°—Ç—Ä—É–∫—Ç—É—Ä–∞ –∫–æ–º–∞–Ω–¥–∏,–ö–æ—Ä–∏—Å—Ç—É–≤–∞—á—ñ —Ç–∞ –≤—ñ–¥–¥—ñ–ª–∏,"–†–æ–∑—à–∏—Ä–µ–Ω–∞ —Å—Ç—Ä—É–∫—Ç—É—Ä–∞: –∫–æ—Ä–∏—Å—Ç—É–≤–∞—á—ñ, –≤—ñ–¥–¥—ñ–ª–∏, –∫–æ–º–∞–Ω–¥–∏, –Ω–∞–ª–µ–∂–Ω—ñ—Å—Ç—å –¥–æ –≤—ñ–¥–¥—ñ–ª—É/–∫–æ–º–∞–Ω–¥–∏"
–†–æ–ª—ñ —Ç–∞ –ø—Ä–∞–≤–∞ –¥–æ—Å—Ç—É–ø—É,"–ë–∞–∑–æ–≤—ñ —Ä–æ–ª—ñ: –∞–¥–º—ñ–Ω –∞–∫–∞—É–Ω—Ç–∞, –∫–æ—Ä–∏—Å—Ç—É–≤–∞—á, –≥—ñ—Å—Ç—å","–ì–Ω—É—á–∫—ñ —Ä–æ–ª—ñ: –∞–¥–º—ñ–Ω –∞–∫–∞—É–Ω—Ç–∞, –∞–¥–º—ñ–Ω –∫–æ–º–∞–Ω–¥–∏, –∫–æ—Ä–∏—Å—Ç—É–≤–∞—á, –≥—ñ—Å—Ç—å, –ø—ñ–¥–ø–∏—Å–Ω–∏–∫, –∫–∞—Å—Ç–æ–º–Ω—ñ –ø—Ä–∞–≤–∞"
–ê–∫—Ç–∏–≤–Ω—ñ—Å—Ç—å –∫–æ—Ä–∏—Å—Ç—É–≤–∞—á—ñ–≤,–û–±–º–µ–∂–µ–Ω–µ –≤—ñ–¥–æ–±—Ä–∞–∂–µ–Ω–Ω—è,–ê–Ω–∞–ª—ñ—Ç–∏–∫–∞ –∞–∫—Ç–∏–≤–Ω–æ—Å—Ç—ñ –∫–æ—Ä–∏—Å—Ç—É–≤–∞—á—ñ–≤ —É —Ä–µ–∞–ª—å–Ω–æ–º—É —á–∞—Å—ñ
–û–Ω–ª–∞–π–Ω/–æ—Ñ–ª–∞–π–Ω —Å—Ç–∞—Ç—É—Å,–í—ñ–¥—Å—É—Ç–Ω—ñ–π,–°—Ç–∞—Ç—É—Å–∏ –∞–∫—Ç–∏–≤–Ω–æ—Å—Ç—ñ –∫–æ—Ä–∏—Å—Ç—É–≤–∞—á–∞ + —Ä–µ–∂–∏–º ¬´–ù–µ —Ç—É—Ä–±—É–≤–∞—Ç–∏¬ª
–°–ø–æ–≤—ñ—â–µ–Ω–Ω—è,"Push, email, –≤–Ω—É—Ç—Ä—ñ—à–Ω—ñ –Ω–æ—Ç–∏—Ñ—ñ–∫–∞—Ü—ñ—ó","Push, email, –≤–Ω—É—Ç—Ä—ñ—à–Ω—ñ –Ω–æ—Ç–∏—Ñ—ñ–∫–∞—Ü—ñ—ó + —Ä–µ–∂–∏–º ¬´–ù–µ —Ç—É—Ä–±—É–≤–∞—Ç–∏¬ª"
–ù–æ—Ç–∞—Ç–∫–∏,–í—ñ–¥—Å—É—Ç–Ω—ñ,–ü–µ—Ä—Å–æ–Ω–∞–ª—å–Ω–∏–π –Ω–æ—Ç–∞—Ç–Ω–∏–∫ –¥–ª—è –∫–æ—Ä–∏—Å—Ç—É–≤–∞—á–∞
–ü–µ—Ä—Å–æ–Ω–∞–ª—å–Ω–∏–π –ø—Ä–æ—Å—Ç—ñ—Ä,–í—ñ–¥—Å—É—Ç–Ω—ñ–π,–ü–ª–∞–Ω –¥–Ω—è —è–∫ –æ—Å–æ–±–∏—Å—Ç–∏–π —Ä–æ–±–æ—á–∏–π —ñ–Ω—Å—Ç—Ä—É–º–µ–Ω—Ç –∫–æ—Ä–∏—Å—Ç—É–≤–∞—á–∞