–§—É–Ω–∫—Ü—ñ—è,–û–Ω–æ–≤–ª–µ–Ω–Ω—è —É Worksection 2.0
üé® –°—É—á–∞—Å–Ω–∏–π —ñ–Ω—Ç–µ—Ä—Ñ–µ–π—Å,"–ù–æ–≤–∏–π –¥–∏–∑–∞–π–Ω —ñ–∑ —Å–∞–π–¥–±–∞—Ä–æ–º, –ø–æ–≤–Ω–æ—Ü—ñ–Ω–Ω–æ—é —Ç–µ–º–Ω–æ—é —Ç–µ–º–æ—é, mobile-first –ø—ñ–¥—Ö–æ–¥–æ–º —ñ SPA-—à–≤–∏–¥–∫–æ–¥—ñ—î—é (–º–∏—Ç—Ç—î–≤–∞ –Ω–∞–≤—ñ–≥–∞—Ü—ñ—è –±–µ–∑ –ø–µ—Ä–µ–∑–∞–≤–∞–Ω—Ç–∞–∂–µ–Ω—å). –î–æ–¥–∞–Ω–æ –≤—ñ–¥–∫—Ä–∏—Ç—ñ –≤–∫–ª–∞–¥–∫–∏ –¥–ª—è —à–≤–∏–¥–∫–æ–≥–æ –ø–µ—Ä–µ–º–∏–∫–∞–Ω–Ω—è –º—ñ–∂ –∑–∞–¥–∞—á–∞–º–∏ –π —á–∞—Ç–∞–º–∏, –ø–∞–Ω–µ–ª—å –ø—Ä–æ—î–∫—Ç—ñ–≤ –¥–ª—è —à–≤–∏–¥–∫–æ–≥–æ –ø–æ—à—É–∫—É/–Ω–∞–≤—ñ–≥–∞—Ü—ñ—ó, –∑—Ä—É—á–Ω—ñ –∫–æ–º–±—ñ–Ω–∞—Ü—ñ—ó –∫–ª–∞–≤—ñ—à."
üîé –†–æ–∑—É–º–Ω–∏–π –ø–æ—à—É–∫,"–û–Ω–æ–≤–ª–µ–Ω–∞ –ø–∞–Ω–µ–ª—å –ø–æ—à—É–∫—É –∑ –ø—ñ–¥—Ç—Ä–∏–º–∫–æ—é —Å–µ–º–∞–Ω—Ç–∏—á–Ω–æ–≥–æ –ø–æ—à—É–∫—É (AI) —Ç–∞ —à–≤–∏–¥–∫–æ–≥–æ –¥–æ—Å—Ç—É–ø—É –¥–æ –æ–±‚Äô—î–∫—Ç—ñ–≤. –ü–æ—à—É–∫ –ø—Ä–∞—Ü—é—î –ø–æ –Ω–∞–∑–≤–∞—Ö, –º—ñ—Ç–∫–∞—Ö, –≤–∏–∫–æ–Ω–∞–≤—Ü—è—Ö, –±–µ–∫–ª–æ–≥—É; –ø—ñ–¥—Ç—Ä–∏–º—É—î —á–∞—Å—Ç–∫–æ–≤—ñ –∑–±—ñ–≥–∏."
üîß –£–¥–æ—Å–∫–æ–Ω–∞–ª–µ–Ω—ñ —Ñ—ñ–ª—å—Ç—Ä–∏,"–†–æ–∑—à–∏—Ä–µ–Ω—ñ —Ñ—ñ–ª—å—Ç—Ä–∏ —É —Å–ø–∏—Å–∫–∞—Ö, –≤—ñ–¥–∂–µ—Ç–∞—Ö —ñ –∫–æ–º–µ–Ω—Ç–∞—Ä—è—Ö, –º–æ–∂–ª–∏–≤—ñ—Å—Ç—å –∑–±–µ—Ä—ñ–≥–∞—Ç–∏ –≤–∏–≥–ª—è–¥–∏ (—Ñ—ñ–ª—å—Ç—Ä–∏/—Å–æ—Ä—Ç—É–≤–∞–Ω–Ω—è/–≥—Ä—É–ø—É–≤–∞–Ω–Ω—è) –¥–ª—è —à–≤–∏–¥–∫–æ–≥–æ –¥–æ—Å—Ç—É–ø—É —Ç–∞ —Ä–æ–±–æ—Ç–∏ –∫–æ–º–∞–Ω–¥–∏."
üìä –î–∞—à–±–æ—Ä–¥–∏,"–í–ª–∞—Å–Ω—ñ –¥–∞—à–±–æ—Ä–¥–∏ –∑ –≤—ñ–¥–∂–µ—Ç–∞–º–∏ (¬´–ê–∫—Ç–∏–≤–Ω—ñ—Å—Ç—å¬ª, ¬´–ú–æ—ó –∑–∞–¥–∞—á—ñ¬ª, ¬´–ü–æ–¥—ñ—ó¬ª, ¬´–°—Ç–∞—Ç–∏—Å—Ç–∏–∫–∞ –ø—Ä–æ—î–∫—Ç—É¬ª, ¬´–£—Å—ñ –∑–∞–¥–∞—á—ñ¬ª), Drag&Drop –ø–µ—Ä–µ–º—ñ—â–µ–Ω–Ω—è, –∫–ª–æ–Ω—É–≤–∞–Ω–Ω—è/–ø—Ä–∏—Ö–æ–≤—É–≤–∞–Ω–Ω—è –≤—ñ–¥–∂–µ—Ç—ñ–≤, –Ω–∞–ª–∞—à—Ç—É–≤–∞–Ω–Ω—è –ø—ñ–¥ –∫–æ–∂–Ω–æ–≥–æ –∫–æ—Ä–∏—Å—Ç—É–≤–∞—á–∞."
üìà –ó–≤—ñ—Ç–∏ —Ç–∞ –∞–Ω–∞–ª—ñ—Ç–∏–∫–∞,"–ï–∫—Å–ø–æ—Ä—Ç –∑–≤—ñ—Ç—ñ–≤ —É CSV / Excel / PDF, —Ä–æ–∑—à–∏—Ä–µ–Ω—ñ —Ñ—ñ–ª—å—Ç—Ä–∏ —Ç–∞ –Ω–∞–ª–∞—à—Ç—É–≤–∞–Ω–Ω—è –¥–ª—è –∞–Ω–∞–ª—ñ—Ç–∏–∫–∏; KPI/–º–µ—Ç—Ä–∏–∫–∏ –Ω–∞ —Ä—ñ–≤–Ω—ñ –ø—Ä–æ—î–∫—Ç—ñ–≤ —ñ –∫–æ–º–∞–Ω–¥ (–≤–∫–ª—é—á–Ω–æ –∑—ñ ¬´–°—Ç–∞—Ç–∏—Å—Ç–∏–∫–æ—é –ø—Ä–æ—î–∫—Ç—É¬ª)."
‚úÖ –£–ø—Ä–∞–≤–ª—ñ–Ω–Ω—è –∑–∞–¥–∞—á–∞–º–∏ ,"–ù–æ–≤—ñ –≤–ª–∞—Å—Ç–∏–≤–æ—Å—Ç—ñ –∑–∞–¥–∞—á: –∫–∞—Å—Ç–æ–º–Ω—ñ –ø–æ–ª—è, –ø—Ä—ñ–æ—Ä–∏—Ç–µ—Ç–∏, –º—ñ—Ç–∫–∏, –∞–≤—Ç–æ—Ä –∑–∞–¥–∞—á—ñ, —Ä–µ–∞–∫—Ü—ñ—ó-–µ–º–æ–¥–∂—ñ, –Ω–∞–≥–∞–¥—É–≤–∞–Ω–Ω—è. 
–Ü—Å—Ç–æ—Ä—ñ—è —Å—Ç–∞—Ç—É—Å—ñ–≤ –∑–∞–¥–∞—á—ñ.  
–†–æ–∑—à–∏—Ä–µ–Ω—ñ –∑–≤‚Äô—è–∑–∫–∏ (–±–ª–æ–∫–µ—Ä–∏, —ñ–Ω—Ñ–æ—Ä–º–∞—Ü—ñ–π–Ω—ñ –∑–≤‚Äô—è–∑–∫–∏, ¬´–ø–æ—á–∞—Ç–∏ –ø—ñ—Å–ª—è –∑–∞–≤–µ—Ä—à–µ–Ω–Ω—è¬ª).
–ü–µ—Ä–µ—Ç—è–≥—É–≤–∞–Ω–Ω—è Drag&Drop —É —Å–ø–∏—Å–∫–∞—Ö: —à–≤–∏–¥–∫–µ —Å–æ—Ä—Ç—É–≤–∞–Ω–Ω—è, —Ñ–æ—Ä–º—É–≤–∞–Ω–Ω—è —ñ—î—Ä–∞—Ä—Ö—ñ—ó, —Å—Ç–≤–æ—Ä–µ–Ω–Ω—è –∑–∞–¥–∞—á/–ø—ñ–¥–∑–∞–¥–∞—á –±–µ–∑ –≤—ñ–¥–∫—Ä–∏—Ç—Ç—è –∫–∞—Ä—Ç–∫–∏.
–í–∏–¥—ñ–ª–µ–Ω–Ω—è –∫—ñ–ª—å–∫–æ—Ö –∫–∞—Ä—Ç–æ–∫ –Ω–∞ –∫–∞–Ω–±–∞–Ω-–¥–æ—à–∫–∞—Ö (Shift/Ctrl) —ñ –≥—Ä—É–ø–æ–≤—ñ –¥—ñ—ó: –∑–º—ñ–Ω–∞ —Å—Ç–∞—Ç—É—Å—ñ–≤/–≤–∏–∫–æ–Ω–∞–≤—Ü—ñ–≤/—Ç–µ—Ä–º—ñ–Ω—ñ–≤, –∫–æ–ø—ñ—é–≤–∞–Ω–Ω—è, –ø–µ—Ä–µ–º—ñ—â–µ–Ω–Ω—è, –∑–∞ –ø–æ—Ç—Ä–µ–±–∏ ‚Äî –≤–∏–¥–∞–ª–µ–Ω–Ω—è."
üß© –ì–Ω—É—á–∫—ñ —à–∞–±–ª–æ–Ω–∏ –∑–∞–¥–∞—á —ñ –ø—Ä–æ—î–∫—Ç—ñ–≤,–®–∞–±–ª–æ–Ω–∏ –∑–∞–¥–∞—á —ñ –ø—Ä–æ—î–∫—Ç—ñ–≤ –∑—ñ –∑–±–µ—Ä–µ–∂–µ–Ω–∏–º–∏ –ø–∞—Ä–∞–º–µ—Ç—Ä–∞–º–∏; —à–≤–∏–¥–∫–∏–π —Å—Ç–∞—Ä—Ç —Ç–∏–ø–æ–≤–∏—Ö –ø—Ä–æ—Ü–µ—Å—ñ–≤ —ñ –ø–æ–≤—Ç–æ—Ä—é–≤–∞–Ω–∏—Ö —Å—Ç—Ä—É–∫—Ç—É—Ä.
üóÇ –ö–∞–Ω–±–∞–Ω ,"–ú—ñ–Ω—ñ–º–∞–ª—ñ—Å—Ç–∏—á–Ω–∏–π —ñ–Ω—Ç–µ—Ä—Ñ–µ–π—Å —ñ–∑ —Ä–µ–≥—É–ª—å–æ–≤–∞–Ω–æ—é —à–∏—Ä–∏–Ω–æ—é –∫–æ–ª–æ–Ω–æ–∫; –ø–æ—à—É–∫ –ø–æ –±–µ–∫–ª–æ–≥—É (–Ω–∞–∑–≤–∏/–º—ñ—Ç–∫–∏/–≤—ñ–¥–ø–æ–≤—ñ–¥–∞–ª—å–Ω—ñ, –∑ —á–∞—Å—Ç–∫–æ–≤–∏–º–∏ –∑–±—ñ–≥–∞–º–∏); —ñ—î—Ä–∞—Ä—Ö—ñ—è (–ø–µ—Ä–µ—Ç—è–≥—É–≤–∞–Ω–Ω—è –ø—ñ–¥–∑–∞–¥–∞—á –æ–∫—Ä–µ–º–æ –∞–±–æ –≥—Ä—É–ø–æ—é); —Ä–µ–¥–∞–≥—É–≤–∞–Ω–Ω—è –Ω–∞ –¥–æ—à—Ü—ñ (–≤–∏–∫–æ–Ω–∞–≤—Ü—ñ/—Ç–µ—Ä–º—ñ–Ω–∏/–ø—Ä—ñ–æ—Ä–∏—Ç–µ—Ç–∏); –º–∞—Å–æ–≤—ñ –¥—ñ—ó —á–µ—Ä–µ–∑ Drag&Drop; —Ñ—ñ–ª—å—Ç—Ä–∏/—Å–æ—Ä—Ç—É–≤–∞–Ω–Ω—è/–ø–µ—Ä—Å–æ–Ω–∞–ª—ñ–∑–∞—Ü—ñ—è."
üìÖ –î—ñ–∞–≥—Ä–∞–º–∞ –ì–∞–Ω—Ç–∞,"Inline-—Ä–µ–¥–∞–≥—É–≤–∞–Ω–Ω—è –Ω–∞ —Ç–∞–π–º–ª–∞–π–Ω—ñ (Drag&Drop), –º–∞—Å—à—Ç–∞–± –¥–Ω—ñ/—Ç–∏–∂–Ω—ñ/–º—ñ—Å—è—Ü—ñ + —à–≤–∏–¥–∫–µ –∑—É–º—É–≤–∞–Ω–Ω—è, –ø–ª–∞–Ω—É–≤–∞–Ω–Ω—è –Ω–∞ —Ä–æ–∫–∏ (–∑ –ø–µ—Ä–µ–≥–ª—è–¥–æ–º –º–∏–Ω—É–ª–∏—Ö –ø–µ—Ä—ñ–æ–¥—ñ–≤), –ì–∞–Ω—Ç –ø–æ –ª—é–¥—è—Ö –Ω–∞ —Ä—ñ–≤–Ω—ñ –∞–∫–∞—É–Ω—Ç–∞ –π –ø—Ä–æ—î–∫—Ç—É, –ø—Ä–æ—Å—Ç—Ä–æ—á–µ–Ω–Ω—è —è–∫ —Å—É—Ü—ñ–ª—å–Ω–∞ —á–µ—Ä–≤–æ–Ω–∞ –ª—ñ–Ω—ñ—è, –∑–∞–∫—Ä—ñ–ø–ª–µ–Ω–∞ –≤–µ—Ä—Ö–Ω—è –ø–∞–Ω–µ–ª—å, —ñ—î—Ä–∞—Ä—Ö—ñ—è –¥–æ –ø—ñ–¥-–ø—ñ–¥–∑–∞–¥–∞—á (–∑–≥–æ—Ä—Ç–∞–Ω–Ω—è), —Ä–µ–≥—É–ª—å–æ–≤–∞–Ω—ñ –ø–∞–Ω–µ–ª—ñ, –ø–æ–º—ñ—Ç–Ω—ñ –¥–µ–¥–ª–∞–π–Ω–∏, —Ä–æ–∑—à–∏—Ä–µ–Ω—ñ –∑–≤‚Äô—è–∑–∫–∏, SPA-–æ–Ω–æ–≤–ª–µ–Ω–Ω—è –±–µ–∑ –ø–µ—Ä–µ–∑–∞–≤–∞–Ω—Ç–∞–∂–µ–Ω—å."
üí¨ –ù–æ–≤–∏–π –º–æ–¥—É–ª—å –∫–æ–º—É–Ω—ñ–∫–∞—Ü—ñ–π,"–ß–∞—Ç–∏ (–ø—Ä–æ—î–∫—Ç–Ω—ñ/–≥—Ä—É–ø–æ–≤—ñ) –∑ –≤–∫–ª–∞–¥–∫–∞–º–∏ —ñ –ø–∞–Ω–µ–ª–ª—é —á–∞—Ç—ñ–≤, —Ä–æ–∑–¥—ñ–ª–µ–Ω–Ω—è —Å–∏—Å—Ç–µ–º–Ω–æ–≥–æ –ª–æ–≥—É —Ç–∞ –∫–æ–º–µ–Ω—Ç–∞—Ä—ñ–≤, inline-–≤—ñ–¥–ø–æ–≤—ñ–¥—ñ –π –ø–æ—à—É–∫ —É –∫–æ–º–µ–Ω—Ç—É–≤–∞–Ω–Ω—è—Ö, @–∑–≥–∞–¥–∫–∏ –∑ –∞–≤—Ç–æ–¥–æ–ø–æ–≤–Ω–µ–Ω–Ω—è–º."
üìÅ –û–Ω–æ–≤–ª–µ–Ω–µ —É–ø—Ä–∞–≤–ª—ñ–Ω–Ω—è —Ñ–∞–π–ª–∞–º–∏,"–§–∞–π–ª–æ–≤–∏–π –º–µ–Ω–µ–¥–∂–µ—Ä —ñ–∑ –≤–µ—Ä—Å—ñ–π–Ω—ñ—Å—Ç—é, –ø–æ—à—É–∫–æ–º —ñ —Å—Ç—Ä—É–∫—Ç—É—Ä–æ—é; –∑—Ä—É—á–Ω—ñ –¥—ñ—ó –∑ —Ñ–∞–π–ª–∞–º–∏ –≤ –∫–æ–Ω—Ç–µ–∫—Å—Ç—ñ –∑–∞–¥–∞—á —ñ –ø—Ä–æ—î–∫—Ç—ñ–≤."
‚è±Ô∏è –¢–∞–π–º-—Ç—Ä–µ–∫—ñ–Ω–≥,"–°—Ç–∞—Ä—Ç/—Å—Ç–æ–ø —Ç–∞–π–º–µ—Ä–∞, –≤—ñ–∫–Ω–æ ¬´–∑–∞—Ç—Ä–∞—Ç–∏ –∑–∞ —Å—å–æ–≥–æ–¥–Ω—ñ¬ª —ñ–Ω—Ç–µ–≥—Ä–æ–≤–∞–Ω–µ –∑ —Ç–∞–π–º–µ—Ä–æ–º, –¥–µ—Ç–∞–ª—å–Ω—ñ—à—ñ –∑–≤—ñ—Ç–∏ –ø–æ –≤–∏—Ç—Ä–∞—á–µ–Ω–æ–º—É —á–∞—Å—É. 
–ü–æ–≥–æ–¥–∏–Ω–∫–∞: —Å—Ç–∞–≤–∫–∏ billable/non-billable, –≥–Ω—É—á–∫–∏–π –±—ñ–ª—ñ–Ω–≥ –≥–æ–¥–∏–Ω."
üìå –ü–ª–∞–Ω –¥–Ω—è (–ø–ª–∞–Ω—É–≤–∞–Ω–Ω—è),–ü–µ—Ä—Å–æ–Ω–∞–ª—å–Ω–∏–π –ø–ª–∞–Ω—É–≤–∞–ª—å–Ω–∏–∫ ¬´–ü–ª–∞–Ω –¥–Ω—è¬ª: –∫–∞–ª–µ–Ω–¥–∞—Ä–Ω–∞ –≤—ñ–∑—É–∞–ª—ñ–∑–∞—Ü—ñ—è; Drag&Drop –∑–∞–¥–∞—á; –¥–≤–∞ —Ä–µ–∂–∏–º–∏ –ø–µ—Ä–µ–≥–ª—è–¥—É (¬´—é–∑–µ—Ä-–¥–µ–Ω—å¬ª / ¬´–∑–∞–¥–∞—á–∞-–¥–µ–Ω—å¬ª) –∑ –º–æ–∂–ª–∏–≤—ñ—Å—Ç—é –¥–æ—Å—Ç—É–ø—É –¥–ª—è –∞–¥–º—ñ–Ω—ñ—Å—Ç—Ä–∞—Ç–æ—Ä–∞.
üîó –Ü–Ω—Ç–µ–≥—Ä–∞—Ü—ñ—ó,–ù–æ–≤—ñ –∫–æ–Ω–µ–∫—Ç–æ—Ä–∏ –∑ –ø–æ–ø—É–ª—è—Ä–Ω–∏–º–∏ —Å–µ—Ä–≤—ñ—Å–∞–º–∏ —Ç–∞ –≤—ñ–¥–∫—Ä–∏—Ç–∏–π API.
üõ´ –ú—ñ–≥—Ä–∞—Ü—ñ—è –¥–∞–Ω–∏—Ö,–ü–µ—Ä–µ—Ö—ñ–¥ –Ω–∞ Worksection 2.0 –≤ –æ–¥–∏–Ω –∫–ª—ñ–∫. 
üîí –ë–µ–∑–ø–µ–∫–∞,"GDPR-–≤—ñ–¥–ø–æ–≤—ñ–¥–Ω—ñ—Å—Ç—å, ISO 27001."